{
    "metrics": {
        "http_req_tls_handshaking": {
            "med": 0,
            "max": 7.029991,
            "p(90)": 0,
            "p(95)": 0,
            "avg": 0.024977636453827556,
            "min": 0
        },
        "vus_max": {
            "value": 240,
            "min": 240,
            "max": 240
        },
        "iterations": {
            "count": 25199,
            "rate": 13.999425901870406
        },
        "http_req_blocked": {
            "min": 0.00018,
            "med": 0.000277,
            "max": 8.426587,
            "p(90)": 0.000415,
            "p(95)": 0.000496,
            "avg": 0.03265894424382021
        },
        "http_req_sending": {
            "med": 0.059647,
            "max": 0.527138,
            "p(90)": 0.07345140000000001,
            "p(95)": 0.0828172,
            "avg": 0.060498024643835364,
            "min": 0.035103
        },
        "http_req_duration": {
            "p(90)": 29.0526692,
            "p(95)": 31.837656999999997,
            "avg": 23.441190850311372,
            "min": 14.547824,
            "med": 22.578563,
            "max": 251.280859
        },
        "http_reqs": {
            "count": 25199,
            "rate": 13.999425901870406
        },
        "http_req_duration{expected_response:true}": {
            "avg": 23.441190850311372,
            "min": 14.547824,
            "med": 22.578563,
            "max": 251.280859,
            "p(90)": 29.0526692,
            "p(95)": 31.837656999999997
        },
        "data_received": {
            "count": 9311747,
            "rate": 5173.185925769438
        },
        "checks": {
            "passes": 50398,
            "fails": 0,
            "value": 1
        },
        "http_req_waiting": {
            "med": 22.464244,
            "max": 251.114368,
            "p(90)": 28.935327400000002,
            "p(95)": 31.717252799999994,
            "avg": 23.3238475791896,
            "min": 14.438049
        },
        "iteration_duration": {
            "avg": 23.68712546942321,
            "min": 14.728786,
            "med": 22.793596,
            "max": 251.53958,
            "p(90)": 29.3335946,
            "p(95)": 32.2222359
        },
        "vus": {
            "value": 0,
            "min": 0,
            "max": 2
        },
        "http_req_failed": {
            "passes": 0,
            "fails": 25199,
            "value": 0
        },
        "data_sent": {
            "rate": 815.1039203753855,
            "count": 1467189
        },
        "http_req_connecting": {
            "avg": 0.005934976030794872,
            "min": 0,
            "med": 0,
            "max": 1.224461,
            "p(90)": 0,
            "p(95)": 0
        },
        "http_req_receiving": {
            "min": 0.020964,
            "med": 0.048267,
            "max": 46.212104,
            "p(90)": 0.0794354,
            "p(95)": 0.11605569999999987,
            "avg": 0.056845246478034975
        }
    },
    "root_group": {
        "id": "d41d8cd98f00b204e9800998ecf8427e",
        "groups": {},
        "checks": {
                "status is 200": {
                    "name": "status is 200",
                    "path": "::status is 200",
                    "id": "6210a8cd14cd70477eba5c5e4cb3fb5f",
                    "passes": 25199,
                    "fails": 0
                },
                "response has grades": {
                    "path": "::response has grades",
                    "id": "c72dc59dd588219e0ab51ae0015df92b",
                    "passes": 25199,
                    "fails": 0,
                    "name": "response has grades"
                }
            },
        "name": "",
        "path": ""
    }
}