{
    "metrics": {
        "http_req_duration": {
            "med": 21.773329,
            "max": 914.875697,
            "p(90)": 27.495362,
            "p(95)": 30.99436,
            "avg": 23.428174697065103,
            "min": 14.583965
        },
        "iterations": {
            "count": 10801,
            "rate": 29.999776682617835
        },
        "http_req_duration{expected_response:true}": {
            "max": 914.875697,
            "p(90)": 27.4929679,
            "p(95)": 30.99790195,
            "avg": 23.427527635756693,
            "min": 14.583965,
            "med": 21.770207
        },
        "data_sent": {
            "count": 598764,
            "rate": 1663.0669646876202
        },
        "data_received": {
            "count": 4067123,
            "rate": 11296.433824714257
        },
        "vus": {
            "max": 6,
            "value": 1,
            "min": 1
        },
        "http_req_sending": {
            "p(90)": 0.079557,
            "p(95)": 0.08955,
            "avg": 0.06497480825849432,
            "min": 0.038672,
            "med": 0.06144,
            "max": 0.997624
        },
        "http_req_connecting": {
            "p(90)": 0,
            "p(95)": 0,
            "avg": 0.003910201370243495,
            "min": 0,
            "med": 0,
            "max": 0.739189
        },
        "http_req_tls_handshaking": {
            "min": 0,
            "med": 0,
            "max": 3.668882,
            "p(90)": 0,
            "p(95)": 0,
            "avg": 0.02641294778261272
        },
        "iteration_duration": {
            "p(90)": 27.765421,
            "p(95)": 31.276912,
            "avg": 23.64452116442918,
            "min": 14.768702,
            "med": 21.966805,
            "max": 920.244845
        },
        "http_reqs": {
            "count": 10801,
            "rate": 29.999776682617835
        },
        "http_req_waiting": {
            "avg": 23.298811915470775,
            "min": 14.448577,
            "med": 21.645106,
            "max": 914.609203,
            "p(90)": 27.373513,
            "p(95)": 30.851704
        },
        "checks": {
            "passes": 10784,
            "fails": 17,
            "value": 0.9984260716600315
        },
        "http_req_blocked": {
            "avg": 0.03236787991852643,
            "min": 0.000187,
            "med": 0.000272,
            "max": 5.178599,
            "p(90)": 0.000449,
            "p(95)": 0.00053
        },
        "http_req_receiving": {
            "min": 0.021571,
            "med": 0.051146,
            "max": 1.853097,
            "p(90)": 0.121286,
            "p(95)": 0.136089,
            "avg": 0.06438797333580239
        },
        "http_req_failed": {
            "passes": 17,
            "fails": 10784,
            "value": 0.0015739283399685215
        },
        "vus_max": {
            "value": 120,
            "min": 120,
            "max": 120
        }
    },
    "root_group": {
        "name": "",
        "path": "",
        "id": "d41d8cd98f00b204e9800998ecf8427e",
        "groups": {},
        "checks": {
                "status is 200": {
                    "id": "6210a8cd14cd70477eba5c5e4cb3fb5f",
                    "passes": 10784,
                    "fails": 17,
                    "name": "status is 200",
                    "path": "::status is 200"
                }
            }
    }
}